year,value
1975,38.903521
1980,44.386792
1985,52.197931
1990,61.157689
1995,68.731944
2000,77.056742
2005,87.17434
2010,99.604683
2015,112.874745
2020,124.138449
2025,128.414208